[{"@diffgr:id": "StopData1", "@msdata:rowOrder": "0", "ServiceDelivery_ResponseTimestamp": "2019-04-08T12:28:00.1+01:00", "ServiceDelivery_ProducerRef": "bac", "ServiceDelivery_Status": "true", "ServiceDelivery_MoreData": "false", "StopMonitoringDelivery_Version": "1.0", "StopMonitoringDelivery_ResponseTimestamp": "2019-04-08T12:28:00.097+01:00", "StopMonitoringDelivery_RequestMessageRef": null, "MonitoredStopVisit_RecordedAtTime": "2019-04-08T12:28:00.097+01:00", "MonitoredStopVisit_MonitoringRef": "342", "MonitoredVehicleJourney_LineRef": "54A", "MonitoredVehicleJourney_DirectionRef": "Outbound", "FramedVehicleJourneyRef_DataFrameRef": "2019-04-08", "FramedVehicleJourneyRef_DatedVehicleJourneyRef": "3302", "MonitoredVehicleJourney_PublishedLineName": "54A", "MonitoredVehicleJourney_OperatorRef": "bac", "MonitoredVehicleJourney_DestinationRef": "5024", "MonitoredVehicleJourney_DestinationName": "Kiltipper via Harold's Cross", "MonitoredVehicleJourney_Monitored": "true", "MonitoredVehicleJourney_InCongestion": "false", "MonitoredVehicleJourney_BlockRef": "54006", "MonitoredVehicleJourney_VehicleRef": null, "MonitoredCall_VisitNumber": "1", "MonitoredCall_VehicleAtStop": "false", "MonitoredCall_AimedArrivalTime": "2019-04-08T12:30:00+01:00", "MonitoredCall_ExpectedArrivalTime": "2019-04-08T11:59:35.637+01:00", "MonitoredCall_AimedDepartureTime": "2019-04-08T12:30:00+01:00", "MonitoredCall_ExpectedDepartureTime": "2019-04-08T12:30:00+01:00", "Timestamp": "2019-04-08T12:28:00.02+01:00", "LineNote": "Expect delays to bus services due to incident on North Quays."}, {"@diffgr:id": "StopData2", "@msdata:rowOrder": "1", "ServiceDelivery_ResponseTimestamp": "2019-04-08T12:28:00.1+01:00", "ServiceDelivery_ProducerRef": "bac", "ServiceDelivery_Status": "true", "ServiceDelivery_MoreData": "false", "StopMonitoringDelivery_Version": "1.0", "StopMonitoringDelivery_ResponseTimestamp": "2019-04-08T12:28:00.097+01:00", "StopMonitoringDelivery_RequestMessageRef": null, "MonitoredStopVisit_RecordedAtTime": "2019-04-08T12:28:00.097+01:00", "MonitoredStopVisit_MonitoringRef": "342", "MonitoredVehicleJourney_LineRef": "49", "MonitoredVehicleJourney_DirectionRef": "Outbound", "FramedVehicleJourneyRef_DataFrameRef": "2019-04-08", "FramedVehicleJourneyRef_DatedVehicleJourneyRef": "1546", "MonitoredVehicleJourney_PublishedLineName": "49", "MonitoredVehicleJourney_OperatorRef": "bac", "MonitoredVehicleJourney_DestinationRef": "7181", "MonitoredVehicleJourney_DestinationName": "The Square via Ballycullen Rd", "MonitoredVehicleJourney_Monitored": "true", "MonitoredVehicleJourney_InCongestion": "false", "MonitoredVehicleJourney_BlockRef": "49002", "MonitoredVehicleJourney_VehicleRef": "33488", "MonitoredCall_VisitNumber": "1", "MonitoredCall_VehicleAtStop": "false", "MonitoredCall_AimedArrivalTime": "2019-04-08T12:45:00+01:00", "MonitoredCall_ExpectedArrivalTime": "2019-04-08T12:45:00+01:00", "MonitoredCall_AimedDepartureTime": "2019-04-08T12:45:00+01:00", "MonitoredCall_ExpectedDepartureTime": "2019-04-08T12:45:00+01:00", "Timestamp": "2019-04-08T12:28:00.037+01:00", "LineNote": "Expect delays to bus services due to incident on North Quays."}, {"@diffgr:id": "StopData3", "@msdata:rowOrder": "2", "ServiceDelivery_ResponseTimestamp": "2019-04-08T12:28:00.1+01:00", "ServiceDelivery_ProducerRef": "bac", "ServiceDelivery_Status": "true", "ServiceDelivery_MoreData": "false", "StopMonitoringDelivery_Version": "1.0", "StopMonitoringDelivery_ResponseTimestamp": "2019-04-08T12:28:00.097+01:00", "StopMonitoringDelivery_RequestMessageRef": null, "MonitoredStopVisit_RecordedAtTime": "2019-04-08T12:28:00.097+01:00", "MonitoredStopVisit_MonitoringRef": "342", "MonitoredVehicleJourney_LineRef": "54A", "MonitoredVehicleJourney_DirectionRef": "Outbound", "FramedVehicleJourneyRef_DataFrameRef": "2019-04-08", "FramedVehicleJourneyRef_DatedVehicleJourneyRef": "3263", "MonitoredVehicleJourney_PublishedLineName": "54A", "MonitoredVehicleJourney_OperatorRef": "bac", "MonitoredVehicleJourney_DestinationRef": "5024", "MonitoredVehicleJourney_DestinationName": "Kiltipper via Harold's Cross", "MonitoredVehicleJourney_Monitored": "true", "MonitoredVehicleJourney_InCongestion": "false", "MonitoredVehicleJourney_BlockRef": "54005", "MonitoredVehicleJourney_VehicleRef": "33644", "MonitoredCall_VisitNumber": "1", "MonitoredCall_VehicleAtStop": "false", "MonitoredCall_AimedArrivalTime": "2019-04-08T13:00:00+01:00", "MonitoredCall_ExpectedArrivalTime": "2019-04-08T12:27:37.637+01:00", "MonitoredCall_AimedDepartureTime": "2019-04-08T13:00:00+01:00", "MonitoredCall_ExpectedDepartureTime": "2019-04-08T13:00:00+01:00", "Timestamp": "2019-04-08T12:28:00.037+01:00", "LineNote": "Expect delays to bus services due to incident on North Quays."}, {"@diffgr:id": "StopData4", "@msdata:rowOrder": "3", "ServiceDelivery_ResponseTimestamp": "2019-04-08T12:28:00.1+01:00", "ServiceDelivery_ProducerRef": "bac", "ServiceDelivery_Status": "true", "ServiceDelivery_MoreData": "false", "StopMonitoringDelivery_Version": "1.0", "StopMonitoringDelivery_ResponseTimestamp": "2019-04-08T12:28:00.097+01:00", "StopMonitoringDelivery_RequestMessageRef": null, "MonitoredStopVisit_RecordedAtTime": "2019-04-08T12:28:00.1+01:00", "MonitoredStopVisit_MonitoringRef": "342", "MonitoredVehicleJourney_LineRef": "49", "MonitoredVehicleJourney_DirectionRef": "Outbound", "FramedVehicleJourneyRef_DataFrameRef": "2019-04-08", "FramedVehicleJourneyRef_DatedVehicleJourneyRef": "1570", "MonitoredVehicleJourney_PublishedLineName": "49", "MonitoredVehicleJourney_OperatorRef": "bac", "MonitoredVehicleJourney_DestinationRef": "7181", "MonitoredVehicleJourney_DestinationName": "The Square via Ballycullen Rd", "MonitoredVehicleJourney_Monitored": "true", "MonitoredVehicleJourney_InCongestion": "false", "MonitoredVehicleJourney_BlockRef": "49004", "MonitoredVehicleJourney_VehicleRef": "33530", "MonitoredCall_VisitNumber": "1", "MonitoredCall_VehicleAtStop": "false", "MonitoredCall_AimedArrivalTime": "2019-04-08T13:15:00+01:00", "MonitoredCall_ExpectedArrivalTime": "2019-04-08T13:15:00+01:00", "MonitoredCall_AimedDepartureTime": "2019-04-08T13:15:00+01:00", "MonitoredCall_ExpectedDepartureTime": "2019-04-08T13:15:00+01:00", "Timestamp": "2019-04-08T12:28:00.037+01:00", "LineNote": "Expect delays to bus services due to incident on North Quays."}]