Date,Value,Code
12/06/30,924,EGY
12/07/31,1313,EGY
12/08/21,1554,EGY
12/08/27,1567,EGY
12/08/31,1695,EGY
12/09/04,1704,EGY
12/09/11,2099,EGY
12/09/18,2588,EGY
12/09/26,3869,EGY
12/10/01,3767,EGY
12/10/23,5530,EGY
12/10/30,5639,EGY
12/11/07,6097,EGY
12/11/13,6499,EGY
12/11/19,7728,EGY
12/11/27,8125,EGY
12/12/04,8858,EGY
12/12/11,10169,EGY
12/12/16,10474,EGY
12/12/18,10747,EGY
12/12/19,10823,EGY
12/12/22,11098,EGY
12/12/23,11190,EGY
12/12/24,11260,EGY
12/12/26,11280,EGY
12/12/27,11673,EGY
12/12/28,12219,EGY
12/12/29,12836,EGY
12/12/30,12915,EGY
12/12/31,13001,EGY
13/01/02,13059,EGY
13/01/06,13109,EGY
13/01/08,13192,EGY
13/01/09,13292,EGY
13/01/13,13556,EGY
13/01/14,13684,EGY
13/01/17,13874,EGY
13/01/20,13963,EGY
13/01/21,14060,EGY
13/01/22,14156,EGY
13/01/23,14248,EGY
13/01/27,14312,EGY
13/01/28,14375,EGY
13/01/29,14441,EGY
13/01/30,14478,EGY
13/02/02,14801,EGY
13/02/03,14878,EGY
13/02/04,14977,EGY
13/02/05,15057,EGY
13/02/09,16150,EGY
13/02/10,16195,EGY
13/02/11,16244,EGY
13/02/12,16308,EGY
13/02/13,16363,EGY
13/02/14,16910,EGY
13/02/15,17454,EGY
13/02/16,18139,EGY
13/02/17,18170,EGY
13/02/18,18245,EGY
13/02/19,18306,EGY
13/02/20,18404,EGY
13/02/21,18958,EGY
13/02/22,19591,EGY
13/02/24,19689,EGY
13/02/25,20064,EGY
13/02/26,20184,EGY
13/02/27,20292,EGY
13/02/28,20302,EGY
13/03/03,20531,EGY
13/03/05,20665,EGY
13/03/06,20743,EGY
13/03/12,21149,EGY
13/03/13,21442,EGY
13/03/14,21758,EGY
13/03/17,22522,EGY
13/03/19,23284,EGY
13/03/20,23568,EGY
13/03/21,23934,EGY
13/03/24,25604,EGY
13/03/25,26003,EGY
13/03/26,26412,EGY
13/03/27,26891,EGY
13/03/28,27295,EGY
13/03/31,27798,EGY
13/04/01,27857,EGY
13/04/02,28782,EGY
13/04/03,29786,EGY
13/04/04,31459,EGY
13/04/05,32297,EGY
13/04/07,34197,EGY
13/04/08,35054,EGY
13/04/12,36904,EGY
13/04/14,37126,EGY
13/04/15,37361,EGY
13/04/16,37657,EGY
13/04/17,38035,EGY
13/04/18,38416,EGY
13/04/22,38998,EGY
13/04/23,39273,EGY
13/04/30,45032,EGY
13/05/07,46502,EGY
13/05/12,47499,EGY
13/05/13,47927,EGY
13/05/15,48429,EGY
13/05/19,50372,EGY
13/05/20,50784,EGY
13/05/21,51171,EGY
13/05/22,51491,EGY
13/05/23,51917,EGY
13/05/26,52430,EGY
13/05/27,55378,EGY
13/05/28,56060,EGY
13/06/03,57467,EGY
13/06/04,57787,EGY
13/06/09,59885,EGY
13/06/12,62105,EGY
13/06/20,65726,EGY
13/06/23,66692,EGY
13/06/25,68492,EGY
13/06/26,69207,EGY
13/07/08,70140,EGY
13/07/10,71276,EGY
13/07/13,72083,EGY
13/07/15,73547,EGY
13/07/17,75456,EGY
13/07/23,78352,EGY
13/07/28,80603,EGY
13/07/31,83286,EGY
13/08/07,86679,EGY
13/08/13,88105,EGY
13/08/19,89555,EGY
13/08/22,90728,EGY
13/08/26,92260,EGY
13/08/27,93495,EGY
13/08/28,94490,EGY
13/08/29,95578,EGY
13/09/01,96383,EGY
13/09/02,97018,EGY
13/09/16,104703,EGY
13/09/17,105153,EGY
13/09/22,111175,EGY
13/10/02,120548,EGY
13/10/08,122350,EGY
13/10/09,122667,EGY
13/10/10,122794,EGY
13/10/13,123229,EGY
13/10/14,123296,EGY
13/10/17,123239,EGY
13/10/20,123515,EGY
13/10/21,123729,EGY
13/10/22,123949,EGY
13/10/23,124094,EGY
13/10/24,124231,EGY
13/10/27,124340,EGY
13/10/28,124535,EGY
13/10/30,125374,EGY
13/11/03,125631,EGY
13/11/06,125804,EGY
13/11/07,125898,EGY
13/11/10,126166,EGY
13/11/12,126442,EGY
13/11/13,126632,EGY
13/11/14,126770,EGY
13/11/17,127304,EGY
13/11/18,127409,EGY
13/11/19,127495,EGY
13/11/20,127605,EGY
13/11/21,127733,EGY
13/11/24,127876,EGY
13/11/25,127971,EGY
13/11/26,128158,EGY
13/12/03,128843,EGY
13/12/04,128967,EGY
13/12/08,129174,EGY
13/12/09,129289,EGY
13/12/10,129407,EGY
13/12/11,129486,EGY
13/12/12,129618,EGY
13/12/15,130524,EGY
13/12/16,130720,EGY
13/12/17,130841,EGY
13/12/23,131086,EGY
13/12/24,131191,EGY
13/12/26,131316,EGY
13/12/30,131599,EGY
14/01/02,131707,EGY
14/01/09,132238,EGY
14/01/12,132356,EGY
14/01/14,132383,EGY
14/01/19,132415,EGY
14/01/20,132504,EGY
14/01/21,132598,EGY
14/01/22,132670,EGY
14/01/23,132740,EGY
14/01/26,132749,EGY
14/01/27,132799,EGY
14/01/28,132849,EGY
14/01/29,132877,EGY
14/01/30,133023,EGY
14/02/02,133145,EGY
14/02/03,133251,EGY
14/02/04,133267,EGY
14/02/06,133379,EGY
14/02/09,133435,EGY
14/02/10,133529,EGY
14/02/11,133608,EGY
14/02/12,133648,EGY
14/02/13,133727,EGY
14/02/16,133815,EGY
14/02/17,133881,EGY
14/02/18,133924,EGY
14/02/19,134014,EGY
14/02/20,134112,EGY
14/02/23,134255,EGY
14/02/24,134358,EGY
14/02/25,134450,EGY
14/02/26,134534,EGY
14/03/02,134694,EGY
14/03/03,134779,EGY
14/03/04,134823,EGY
14/03/05,134854,EGY
14/03/06,134914,EGY
14/03/10,135031,EGY
14/03/12,135030,EGY
14/03/17,135140,EGY
14/03/19,135289,EGY
14/03/20,135302,EGY
14/03/23,135336,EGY
14/03/24,135378,EGY
14/03/25,135410,EGY
14/03/26,135451,EGY
14/03/27,135499,EGY
14/03/30,135577,EGY
14/03/31,135645,EGY
14/04/01,135684,EGY
14/04/02,135841,EGY
14/04/03,135853,EGY
14/04/06,135905,EGY
14/04/07,135977,EGY
14/04/08,136045,EGY
14/04/09,136094,EGY
14/04/10,136067,EGY
14/04/13,136119,EGY
14/04/14,136236,EGY
14/04/15,136307,EGY
14/04/16,136424,EGY
14/04/17,136375,EGY
14/04/22,136438,EGY
14/04/23,136512,EGY
14/04/27,136624,EGY
14/04/28,136654,EGY
14/04/29,136724,EGY
14/04/30,136807,EGY
14/05/04,136855,EGY
14/05/05,137045,EGY
14/05/06,137063,EGY
14/05/07,137086,EGY
14/05/11,137096,EGY
14/05/12,137123,EGY
14/05/14,137088,EGY
14/05/15,137056,EGY
14/05/19,137430,EGY
14/05/20,137566,EGY
14/05/21,137560,EGY
14/05/22,137515,EGY
14/05/25,137444,EGY
14/05/26,137460,EGY
14/05/28,137454,EGY
14/06/01,137472,EGY
14/06/02,137532,EGY
14/06/03,137539,EGY
14/06/04,137555,EGY
14/06/05,137531,EGY
14/06/09,137632,EGY
14/06/10,137679,EGY
14/06/11,137734,EGY
14/06/15,137788,EGY
14/06/16,137828,EGY
14/06/17,137916,EGY
14/06/18,137919,EGY
14/06/19,137906,EGY
14/06/23,137994,EGY
14/06/25,138086,EGY
14/06/26,138101,EGY
14/06/29,138131,EGY
14/06/30,138151,EGY
14/07/01,138159,EGY
14/07/06,138245,EGY
14/07/08,138290,EGY
14/07/09,138283,EGY
14/07/14,138274,EGY
14/07/15,138289,EGY
14/07/16,138292,EGY
14/07/17,138321,EGY
14/07/20,138306,EGY
14/07/21,138386,EGY
14/07/22,138387,EGY
14/07/23,138407,EGY
14/07/24,138347,EGY
14/08/03,138267,EGY
14/08/04,138310,EGY
14/08/05,138350,EGY
14/08/06,138373,EGY
14/08/10,138457,EGY
14/08/11,138528,EGY
14/08/12,138573,EGY
14/08/13,138616,EGY
14/08/17,138735,EGY
14/08/18,138758,EGY
14/08/19,138805,EGY
14/08/20,138844,EGY
14/08/21,138885,EGY
14/08/24,138936,EGY
14/08/25,138937,EGY
14/08/26,138975,EGY
14/08/27,139040,EGY
14/08/28,139090,EGY
14/08/31,139209,EGY
14/09/01,139253,EGY
14/09/02,139289,EGY
14/09/03,139311,EGY
14/09/04,139333,EGY
14/09/07,139403,EGY
14/09/08,139430,EGY
14/09/09,139462,EGY
14/09/10,139501,EGY
14/09/14,139625,EGY
14/09/15,139657,EGY
14/09/16,139692,EGY
14/09/17,139734,EGY
14/09/18,139775,EGY
14/09/21,139794,EGY
14/09/22,139825,EGY
14/09/23,139821,EGY
14/09/24,139835,EGY
14/09/28,139887,EGY
14/09/29,139908,EGY
14/09/30,139936,EGY
14/10/01,139930,EGY
14/10/02,139929,EGY
14/10/07,139942,EGY
14/10/08,139922,EGY
14/10/09,139954,EGY
14/10/12,140026,EGY
14/10/13,140024,EGY
14/10/14,140023,EGY
14/10/20,140100,EGY
14/10/21,140133,EGY
14/10/22,140130,EGY
14/11/10,140247,EGY
14/10/28,140273,EGY
14/10/30,140289,EGY
14/11/02,140115,EGY
14/11/03,140105,EGY
14/11/05,140103,EGY
14/11/06,140104,EGY
14/11/09,140221,EGY
14/11/12,140240,EGY
14/11/13,140259,EGY
14/11/17,140406,EGY
14/11/23,140649,EGY
14/11/25,138543,EGY
14/12/01,137504,EGY
14/12/10,137671,EGY
14/12/16,137812,EGY
14/12/31,138212,EGY
15/01/12,136717,EGY
15/02/02,136661,EGY
15/03/17,133516,EGY
15/03/22,133619,EGY
15/04/14,133862,EGY
15/05/06,134329,EGY
15/07/05,132375,EGY
15/09/30,128019,EGY
15/10/31,127681,EGY
15/11/30,123585,EGY
15/12/31,117658,EGY
16/01/31,118512,EGY
16/02/29,119301,EGY
12/01/31,8,IRQ
12/02/29,180,IRQ
12/03/31,335,IRQ
12/04/25,2329,IRQ
12/05/02,2970,IRQ
12/05/09,3171,IRQ
12/05/17,3673,IRQ
12/05/24,4038,IRQ
12/05/31,4413,IRQ
12/06/05,4549,IRQ
12/06/14,4941,IRQ
12/06/21,5258,IRQ
12/06/26,5839,IRQ
12/07/06,6163,IRQ
12/07/10,6545,IRQ
12/07/11,6547,IRQ
12/07/20,7490,IRQ
12/07/25,8445,IRQ
12/08/08,9053,IRQ
12/08/10,9773,IRQ
12/08/17,10734,IRQ
12/08/25,15898,IRQ
12/08/31,18682,IRQ
12/09/07,21744,IRQ
12/09/10,22563,IRQ
12/09/12,24464,IRQ
12/09/13,25508,IRQ
12/09/20,25976,IRQ
12/09/21,29441,IRQ
12/09/28,33704,IRQ
12/10/05,36500,IRQ
12/10/12,39036,IRQ
12/10/16,40911,IRQ
12/10/19,41955,IRQ
12/10/24,43813,IRQ
12/10/31,45781,IRQ
12/11/05,47522,IRQ
12/11/06,48322,IRQ
12/11/07,48963,IRQ
12/11/12,51142,IRQ
12/11/18,54106,IRQ
12/11/21,56913,IRQ
12/11/26,58814,IRQ
12/11/28,60224,IRQ
12/12/02,62065,IRQ
12/12/05,63402,IRQ
12/12/09,64355,IRQ
12/12/10,64679,IRQ
12/12/11,65010,IRQ
12/12/12,65433,IRQ
12/12/16,65954,IRQ
12/12/18,66335,IRQ
12/12/19,66437,IRQ
12/12/23,66807,IRQ
12/12/24,66714,IRQ
12/12/26,66920,IRQ
12/12/30,67306,IRQ
12/12/31,67625,IRQ
13/01/03,67958,IRQ
13/01/05,68244,IRQ
13/01/06,68550,IRQ
13/01/07,68953,IRQ
13/01/08,69187,IRQ
13/01/09,69302,IRQ
13/01/10,69771,IRQ
13/01/12,69733,IRQ
13/01/13,70440,IRQ
13/01/15,72385,IRQ
13/01/16,73055,IRQ
13/01/17,73049,IRQ
13/01/20,74781,IRQ
13/01/21,75780,IRQ
13/01/22,76579,IRQ
13/01/23,77304,IRQ
13/01/28,79358,IRQ
13/01/30,80919,IRQ
13/02/03,82460,IRQ
13/02/04,83199,IRQ
13/02/05,83843,IRQ
13/02/06,84737,IRQ
13/02/10,87057,IRQ
13/02/11,88028,IRQ
13/02/12,89237,IRQ
13/02/13,90334,IRQ
13/02/17,92408,IRQ
13/02/18,93576,IRQ
13/02/19,94873,IRQ
13/02/20,96097,IRQ
13/02/25,100049,IRQ
13/02/27,102649,IRQ
13/03/03,105431,IRQ
13/03/05,107271,IRQ
13/03/09,109800,IRQ
13/03/10,110663,IRQ
13/03/12,112945,IRQ
13/03/13,114235,IRQ
13/03/17,115648,IRQ
13/03/18,116875,IRQ
13/03/20,117906,IRQ
13/03/23,117851,IRQ
13/03/24,118213,IRQ
13/03/25,119363,IRQ
13/03/26,120369,IRQ
13/03/27,121320,IRQ
13/04/01,124253,IRQ
13/04/02,125385,IRQ
13/04/03,125864,IRQ
13/04/06,126440,IRQ
13/04/07,127136,IRQ
13/04/09,127775,IRQ
13/04/10,128845,IRQ
13/04/11,129590,IRQ
13/04/13,129362,IRQ
13/04/14,130379,IRQ
13/04/15,131551,IRQ
13/04/16,132693,IRQ
13/04/17,132870,IRQ
13/04/18,133887,IRQ
13/04/20,133840,IRQ
13/04/21,134915,IRQ
13/04/22,135842,IRQ
13/04/23,136914,IRQ
13/04/24,137657,IRQ
13/04/29,140172,IRQ
13/04/30,140873,IRQ
13/05/02,141702,IRQ
13/05/05,142395,IRQ
13/05/06,143177,IRQ
13/05/07,144016,IRQ
13/05/08,144586,IRQ
13/05/09,144996,IRQ
13/05/12,145761,IRQ
13/05/13,146419,IRQ
13/05/14,146951,IRQ
13/05/15,147464,IRQ
13/05/16,148155,IRQ
13/05/18,148117,IRQ
13/05/20,151195,IRQ
13/05/21,151970,IRQ
13/05/22,151966,IRQ
13/05/23,152885,IRQ
13/05/26,153355,IRQ
13/05/27,153675,IRQ
13/05/28,153976,IRQ
13/05/29,154223,IRQ
13/05/30,154372,IRQ
13/06/03,154932,IRQ
13/06/04,155139,IRQ
13/06/06,158458,IRQ
13/06/09,158669,IRQ
13/06/10,158866,IRQ
13/06/11,159017,IRQ
13/06/12,159196,IRQ
13/06/13,159393,IRQ
13/06/17,158573,IRQ
13/06/18,158663,IRQ
13/06/20,158780,IRQ
13/06/23,158940,IRQ
13/06/24,159059,IRQ
13/06/25,159140,IRQ
13/06/26,159286,IRQ
13/06/30,159384,IRQ
13/07/01,159465,IRQ
13/07/03,159773,IRQ
13/07/04,159784,IRQ
13/07/07,160149,IRQ
13/07/08,160365,IRQ
13/07/09,160632,IRQ
13/07/11,160789,IRQ
13/07/15,161264,IRQ
13/07/16,161476,IRQ
13/07/17,161652,IRQ
13/07/18,161307,IRQ
13/07/21,161697,IRQ
13/07/22,162082,IRQ
13/07/23,159792,IRQ
13/07/25,160129,IRQ
13/07/28,160335,IRQ
13/08/01,160351,IRQ
13/08/04,160682,IRQ
13/08/05,160997,IRQ
13/08/06,154595,IRQ
13/08/12,154658,IRQ
13/08/13,154935,IRQ
13/08/24,154944,IRQ
13/08/25,156149,IRQ
13/08/29,157790,IRQ
13/09/01,158461,IRQ
13/09/16,161500,IRQ
13/09/18,162025,IRQ
13/09/19,162317,IRQ
13/09/23,161868,IRQ
13/09/24,162136,IRQ
13/09/26,163002,IRQ
13/09/29,163371,IRQ
13/09/30,163385,IRQ
13/10/01,163988,IRQ
13/10/02,164398,IRQ
13/10/03,163569,IRQ
13/10/06,164009,IRQ
13/10/07,163489,IRQ
13/10/08,163966,IRQ
13/10/09,164387,IRQ
13/10/10,164770,IRQ
13/10/13,164944,IRQ
13/10/20,165402,IRQ
13/10/21,165686,IRQ
13/10/22,165945,IRQ
13/11/05,199986,IRQ
13/11/10,201296,IRQ
13/11/12,202040,IRQ
13/11/17,202976,IRQ
13/11/20,206632,IRQ
13/11/26,207473,IRQ
13/11/27,208054,IRQ
13/12/02,206212,IRQ
13/12/04,207121,IRQ
13/12/12,209460,IRQ
13/12/18,210612,IRQ
14/01/06,213223,IRQ
14/01/22,216271,IRQ
14/01/27,217144,IRQ
14/02/05,222745,IRQ
14/02/10,222574,IRQ
14/02/23,224539,IRQ
14/02/28,225548,IRQ
14/03/05,226934,IRQ
14/03/23,221791,IRQ
14/03/30,219579,IRQ
14/04/15,221316,IRQ
14/04/30,223113,IRQ
14/05/15,225409,IRQ
14/06/15,225475,IRQ
14/06/30,220210,IRQ
14/07/15,217192,IRQ
14/07/31,218040,IRQ
14/08/15,217886,IRQ
14/08/26,215369,IRQ
14/09/02,214935,IRQ
14/09/15,214372,IRQ
14/09/30,215387,IRQ
14/10/15,219446,IRQ
14/10/21,222468,IRQ
14/10/31,223923,IRQ
14/11/15,227191,IRQ
14/11/30,228484,IRQ
14/12/15,231843,IRQ
14/12/31,233625,IRQ
15/01/15,235563,IRQ
15/01/31,238688,IRQ
15/02/15,242468,IRQ
15/02/28,244731,IRQ
15/03/15,246836,IRQ
15/03/31,247861,IRQ
15/05/05,248367,IRQ
15/05/15,248203,IRQ
15/05/31,249266,IRQ
15/06/15,249566,IRQ
15/06/30,249726,IRQ
15/07/15,251499,IRQ
15/07/31,251690,IRQ
15/08/15,250408,IRQ
15/08/29,249463,IRQ
15/09/13,248503,IRQ
15/09/28,247352,IRQ
15/10/15,245585,IRQ
15/10/27,245134,IRQ
15/11/15,244765,IRQ
15/11/28,244527,IRQ
15/12/31,244642,IRQ
16/01/15,245022,IRQ
16/02/15,245543,IRQ
16/02/29,246051,IRQ
12/01/19,2749,JOR
12/01/24,2886,JOR
12/01/31,3063,JOR
12/02/14,4013,JOR
12/03/01,4205,JOR
12/03/15,5391,JOR
12/03/22,5886,JOR
12/03/31,6529,JOR
12/04/16,9500,JOR
12/04/21,10189,JOR
12/04/23,11748,JOR
12/04/25,12034,JOR
12/04/30,13854,JOR
12/05/01,13938,JOR
12/05/03,14252,JOR
12/05/06,14578,JOR
12/05/07,15108,JOR
12/05/08,15344,JOR
12/05/09,15698,JOR
12/05/14,16919,JOR
12/05/16,17556,JOR
12/05/20,18521,JOR
12/05/21,19011,JOR
12/05/23,19883,JOR
12/05/27,20576,JOR
12/05/28,20982,JOR
12/05/29,21432,JOR
12/05/30,21778,JOR
12/06/05,22643,JOR
12/06/07,22976,JOR
12/06/10,23757,JOR
12/06/11,24151,JOR
12/06/21,26371,JOR
12/06/24,26731,JOR
12/06/25,26941,JOR
12/06/26,27344,JOR
12/07/03,28934,JOR
12/07/10,31047,JOR
12/07/11,31299,JOR
12/07/12,31873,JOR
12/07/15,32262,JOR
12/07/16,32841,JOR
12/07/19,34499,JOR
12/07/22,34736,JOR
12/07/24,35911,JOR
12/07/25,36323,JOR
12/07/26,36600,JOR
12/07/29,36824,JOR
12/08/01,37615,JOR
12/08/02,37448,JOR
12/08/07,39600,JOR
12/08/15,42720,JOR
12/08/16,42934,JOR
12/08/23,43962,JOR
12/08/26,44440,JOR
12/08/27,44924,JOR
12/08/28,45287,JOR
12/08/29,45751,JOR
12/08/30,46111,JOR
12/09/02,46703,JOR
12/09/03,47121,JOR
12/09/05,48014,JOR
12/09/06,48315,JOR
12/09/09,48839,JOR
12/09/10,49236,JOR
12/09/16,50689,JOR
12/09/18,51417,JOR
12/09/19,51962,JOR
12/09/20,52352,JOR
12/09/23,52634,JOR
12/09/24,52866,JOR
12/09/25,53299,JOR
12/09/27,53833,JOR
12/09/30,54448,JOR
12/10/02,55121,JOR
12/10/03,55462,JOR
12/10/10,57092,JOR
12/10/11,57379,JOR
12/10/16,58005,JOR
12/10/17,58320,JOR
12/10/21,58622,JOR
12/10/23,59524,JOR
12/10/24,60089,JOR
12/11/01,60630,JOR
12/11/05,61086,JOR
12/11/06,61356,JOR
12/11/08,62099,JOR
12/11/11,62248,JOR
12/11/12,87167,JOR
12/11/14,88026,JOR
12/11/18,91064,JOR
12/11/22,93497,JOR
12/11/23,93990,JOR
12/11/25,94492,JOR
12/11/27,94566,JOR
12/11/28,95844,JOR
12/11/29,96578,JOR
12/11/30,96982,JOR
12/12/02,97639,JOR
12/12/03,98046,JOR
12/12/04,98710,JOR
12/12/05,98548,JOR
12/12/06,99007,JOR
12/12/08,99821,JOR
12/12/09,100368,JOR
12/12/10,100787,JOR
12/12/11,101760,JOR
12/12/12,102199,JOR
12/12/13,102753,JOR
12/12/14,103698,JOR
12/12/16,105397,JOR
12/12/17,106724,JOR
12/12/19,108430,JOR
12/12/20,109230,JOR
12/12/21,110631,JOR
12/12/23,111962,JOR
12/12/24,112379,JOR
12/12/27,114819,JOR
12/12/28,115548,JOR
12/12/29,116280,JOR
12/12/30,116778,JOR
12/12/31,117321,JOR
13/01/03,120018,JOR
13/01/06,126133,JOR
13/01/08,128628,JOR
13/01/14,131113,JOR
13/01/15,132030,JOR
13/01/16,134015,JOR
13/01/17,135732,JOR
13/01/18,137257,JOR
13/01/20,142005,JOR
13/01/21,145119,JOR
13/01/22,147768,JOR
13/01/23,151112,JOR
13/01/27,162262,JOR
13/01/28,167444,JOR
13/01/29,171033,JOR
13/01/30,174831,JOR
13/01/31,178260,JOR
13/02/03,181793,JOR
13/02/04,184199,JOR
13/02/05,186880,JOR
13/02/06,189988,JOR
13/02/07,193258,JOR
13/02/10,199078,JOR
13/02/11,201942,JOR
13/02/12,204689,JOR
13/02/17,216899,JOR
13/02/18,219067,JOR
13/02/19,221857,JOR
13/02/20,224794,JOR
13/02/21,231751,JOR
13/02/22,285856,JOR
13/03/11,340524,JOR
13/03/13,346577,JOR
13/03/17,354235,JOR
13/03/25,370391,JOR
13/03/26,373138,JOR
13/03/27,376661,JOR
13/03/28,385545,JOR
13/04/01,394876,JOR
13/04/02,398961,JOR
13/04/03,401610,JOR
13/04/05,404739,JOR
13/04/07,408268,JOR
13/04/08,412105,JOR
13/04/09,415163,JOR
13/04/10,418008,JOR
13/04/11,421547,JOR
13/04/14,424771,JOR
13/04/15,432263,JOR
13/04/16,436883,JOR
13/04/17,440235,JOR
13/04/18,456261,JOR
13/04/21,462662,JOR
13/04/22,467213,JOR
13/04/23,469725,JOR
13/04/24,471146,JOR
13/04/25,473827,JOR
13/05/09,431799,JOR
13/05/13,458272,JOR
13/05/14,452929,JOR
13/05/15,468999,JOR
13/05/16,470909,JOR
13/05/19,471368,JOR
13/05/21,480174,JOR
13/05/22,482878,JOR
13/05/23,488819,JOR
13/05/27,483592,JOR
13/05/28,485023,JOR
13/05/29,487308,JOR
13/05/30,489221,JOR
13/06/03,468160,JOR
13/06/04,470573,JOR
13/06/05,472631,JOR
13/06/10,474669,JOR
13/06/11,471188,JOR
13/06/12,477455,JOR
13/06/13,479429,JOR
13/06/16,472292,JOR
13/06/17,473784,JOR
13/06/18,475761,JOR
13/06/19,478007,JOR
13/06/20,480254,JOR
13/06/23,486175,JOR
13/06/24,487543,JOR
13/06/25,489651,JOR
13/06/26,491780,JOR
13/06/27,494021,JOR
13/06/30,491365,JOR
13/07/01,490880,JOR
13/07/02,495127,JOR
13/07/03,496913,JOR
13/07/04,498877,JOR
13/07/07,501668,JOR
13/07/08,498529,JOR
13/07/09,498947,JOR
13/07/10,501330,JOR
13/07/11,487916,JOR
13/07/14,495431,JOR
13/07/15,486972,JOR
13/07/17,500579,JOR
13/07/18,501057,JOR
13/07/22,502196,JOR
13/07/24,505347,JOR
13/07/25,506505,JOR
13/07/29,507988,JOR
13/07/30,511326,JOR
13/07/31,512998,JOR
13/08/01,514803,JOR
13/08/05,517683,JOR
13/08/06,517139,JOR
13/08/07,520470,JOR
13/08/12,521226,JOR
13/08/13,515225,JOR
13/08/14,516449,JOR
13/08/18,510820,JOR
13/08/20,516990,JOR
13/08/21,518280,JOR
13/08/22,523059,JOR
13/08/26,517168,JOR
13/08/27,520287,JOR
13/08/28,515512,JOR
13/08/29,515842,JOR
13/09/01,515012,JOR
13/09/02,519676,JOR
13/09/18,531768,JOR
13/09/19,531908,JOR
13/09/22,522588,JOR
13/09/23,523607,JOR
13/09/24,525264,JOR
13/09/25,525231,JOR
13/10/03,534418,JOR
13/10/06,536405,JOR
13/10/08,538747,JOR
13/10/09,539891,JOR
13/10/10,540656,JOR
13/10/14,543199,JOR
13/10/17,544392,JOR
13/10/22,547274,JOR
13/10/23,549092,JOR
13/10/24,549575,JOR
13/10/28,552061,JOR
13/10/29,552048,JOR
13/10/30,541025,JOR
13/11/03,543183,JOR
13/11/05,544374,JOR
13/11/11,548780,JOR
13/11/12,549617,JOR
13/11/14,550385,JOR
13/11/17,551644,JOR
13/11/18,552460,JOR
13/11/19,553311,JOR
13/11/26,557657,JOR
13/11/27,559356,JOR
13/11/28,560059,JOR
13/12/03,563008,JOR
13/12/04,563263,JOR
13/12/05,563706,JOR
13/12/09,566303,JOR
13/12/10,567111,JOR
13/12/18,568501,JOR
13/12/19,569003,JOR
13/12/31,576354,JOR
14/01/15,582166,JOR
14/01/20,589045,JOR
14/01/23,590749,JOR
14/01/26,591862,JOR
14/01/27,592623,JOR
14/01/28,592864,JOR
14/01/29,593186,JOR
14/02/02,593693,JOR
14/02/04,591922,JOR
14/02/06,596800,JOR
14/02/09,597937,JOR
14/02/10,598690,JOR
14/02/13,571457,JOR
14/02/18,573425,JOR
14/02/20,574410,JOR
14/02/23,576428,JOR
14/02/25,577786,JOR
14/03/05,581535,JOR
14/03/06,582080,JOR
14/03/09,584406,JOR
14/03/10,584600,JOR
14/03/23,587308,JOR
14/03/30,588979,JOR
14/04/06,588980,JOR
14/04/07,590515,JOR
14/04/10,589792,JOR
14/04/29,595369,JOR
14/04/30,594258,JOR
14/05/04,593346,JOR
14/05/20,596062,JOR
14/05/30,599458,JOR
14/06/01,599408,JOR
14/06/04,594381,JOR
14/06/05,595082,JOR
14/06/08,597328,JOR
14/06/26,599461,JOR
14/07/01,604868,JOR
14/07/03,605270,JOR
14/07/07,605526,JOR
14/07/08,605660,JOR
14/07/09,605719,JOR
14/07/15,606653,JOR
14/07/16,606716,JOR
14/07/20,606993,JOR
14/07/21,607193,JOR
14/07/23,607443,JOR
14/07/24,607500,JOR
14/07/27,607878,JOR
14/07/30,608373,JOR
14/07/31,608534,JOR
14/08/03,608889,JOR
14/08/07,609376,JOR
14/08/11,609692,JOR
14/08/21,611685,JOR
14/08/26,612737,JOR
14/08/28,613252,JOR
14/09/03,614819,JOR
14/09/07,615546,JOR
14/09/09,615792,JOR
14/09/18,618086,JOR
14/09/29,619163,JOR
14/10/08,619306,JOR
14/10/09,619376,JOR
14/10/28,618508,JOR
14/11/11,618420,JOR
14/11/20,618615,JOR
14/12/07,620441,JOR
14/12/29,623001,JOR
14/12/30,622865,JOR
15/01/04,623338,JOR
15/01/05,622672,JOR
15/01/06,622682,JOR
15/01/07,622384,JOR
15/01/13,622397,JOR
15/01/14,622324,JOR
15/01/15,622287,JOR
15/01/18,622405,JOR
15/01/19,622380,JOR
15/01/20,622045,JOR
15/01/21,622173,JOR
15/01/22,621773,JOR
15/01/26,621918,JOR
15/02/03,622106,JOR
15/02/08,619315,JOR
15/02/09,619318,JOR
15/02/11,619102,JOR
15/02/12,619160,JOR
15/02/15,616589,JOR
15/02/16,622586,JOR
15/02/22,623060,JOR
15/02/23,623241,JOR
15/02/24,623289,JOR
15/02/25,623447,JOR
15/03/01,623908,JOR
15/03/02,623974,JOR
15/03/04,624244,JOR
15/03/05,624325,JOR
15/03/08,624513,JOR
15/03/10,624854,JOR
15/03/11,624961,JOR
15/03/12,625177,JOR
15/03/15,625598,JOR
15/03/17,626136,JOR
15/03/18,626357,JOR
15/03/22,626905,JOR
15/03/23,626932,JOR
15/03/24,627010,JOR
15/03/26,627295,JOR
15/04/08,628427,JOR
15/05/06,627287,JOR
15/05/28,628160,JOR
15/06/17,629128,JOR
15/08/13,630099,JOR
15/08/16,630224,JOR
15/08/23,629245,JOR
15/09/06,629266,JOR
15/09/17,628887,JOR
15/10/04,628175,JOR
15/10/19,629627,JOR
15/11/02,630776,JOR
15/11/17,633644,JOR
15/12/02,632762,JOR
15/12/17,633466,JOR
16/01/19,635324,JOR
16/02/17,637859,JOR
16/03/03,639704,JOR
16/03/16,636040,JOR
12/01/27,6290,LBN
12/02/10,6133,LBN
12/02/17,6522,LBN
12/02/24,6916,LBN
12/03/02,7058,LBN
12/03/07,7088,LBN
12/03/16,7913,LBN
12/03/22,8610,LBN
12/03/29,9106,LBN
12/04/18,10532,LBN
12/04/20,10704,LBN
12/04/23,10804,LBN
12/04/24,11174,LBN
12/04/26,12309,LBN
12/04/27,12671,LBN
12/04/30,13405,LBN
12/05/03,13582,LBN
12/05/08,13672,LBN
12/05/11,14514,LBN
12/05/16,15074,LBN
12/05/17,15466,LBN
12/05/24,15873,LBN
12/05/31,17041,LBN
12/06/01,17267,LBN
12/06/07,19068,LBN
12/06/14,20702,LBN
12/06/21,22530,LBN
12/06/27,24024,LBN
12/06/29,25411,LBN
12/07/05,26183,LBN
12/07/06,26905,LBN
12/07/12,28477,LBN
12/07/18,29986,LBN
12/07/24,31004,LBN
12/07/25,31596,LBN
12/07/30,32796,LBN
12/07/31,33382,LBN
12/08/01,33664,LBN
12/08/03,33871,LBN
12/08/06,34358,LBN
12/08/07,34742,LBN
12/08/08,35141,LBN
12/08/09,35686,LBN
12/08/10,36040,LBN
12/08/14,36927,LBN
12/08/15,37240,LBN
12/08/16,37541,LBN
12/08/21,38239,LBN
12/08/22,39194,LBN
12/08/23,39506,LBN
12/08/24,39826,LBN
12/08/27,40232,LBN
12/08/28,41090,LBN
12/08/29,41949,LBN
12/08/30,42947,LBN
12/08/31,43760,LBN
12/09/03,44629,LBN
12/09/04,45321,LBN
12/09/05,46177,LBN
12/09/06,46509,LBN
12/09/07,46628,LBN
12/09/10,47330,LBN
12/09/11,48072,LBN
12/09/12,48925,LBN
12/09/13,49653,LBN
12/09/14,50440,LBN
12/09/17,51121,LBN
12/09/18,51665,LBN
12/09/19,52410,LBN
12/09/20,53233,LBN
12/09/21,53731,LBN
12/09/24,54456,LBN
12/09/25,55298,LBN
12/09/26,56225,LBN
12/09/27,56947,LBN
12/09/28,57335,LBN
12/10/01,58318,LBN
12/10/02,59172,LBN
12/10/03,60089,LBN
12/10/04,61003,LBN
12/10/05,61341,LBN
12/10/08,62109,LBN
12/10/09,62997,LBN
12/10/10,63916,LBN
12/10/11,64836,LBN
12/10/12,65801,LBN
12/10/15,66660,LBN
12/10/16,67848,LBN
12/10/17,69095,LBN
12/10/18,70440,LBN
12/10/19,71592,LBN
12/10/23,72301,LBN
12/10/24,73393,LBN
12/10/25,74090,LBN
12/10/29,74720,LBN
12/10/30,75668,LBN
12/10/31,77014,LBN
12/11/01,77734,LBN
12/11/02,79356,LBN
12/11/05,80357,LBN
12/11/06,81605,LBN
12/11/07,82690,LBN
12/11/08,83860,LBN
12/11/09,84772,LBN
12/11/12,85661,LBN
12/11/13,87021,LBN
12/11/14,88794,LBN
12/11/16,90292,LBN
12/11/19,91836,LBN
12/11/20,93110,LBN
12/11/21,94603,LBN
12/11/23,95452,LBN
12/11/26,97152,LBN
12/11/27,99063,LBN
12/11/28,100726,LBN
12/11/29,102369,LBN
12/11/30,103160,LBN
12/12/03,104583,LBN
12/12/04,106130,LBN
12/12/05,107506,LBN
12/12/06,109081,LBN
12/12/07,110236,LBN
12/12/10,111865,LBN
12/12/11,113545,LBN
12/12/12,115212,LBN
12/12/13,116686,LBN
12/12/14,118020,LBN
12/12/18,119596,LBN
12/12/19,120989,LBN
12/12/20,122366,LBN
12/12/24,123224,LBN
12/12/26,124945,LBN
12/12/27,126724,LBN
12/12/28,128314,LBN
12/12/31,129106,LBN
13/01/02,130799,LBN
13/01/03,132354,LBN
13/01/04,133876,LBN
13/01/07,135361,LBN
13/01/08,137065,LBN
13/01/09,138213,LBN
13/01/10,139275,LBN
13/01/11,140650,LBN
13/01/14,142360,LBN
13/01/15,143898,LBN
13/01/16,145689,LBN
13/01/17,147658,LBN
13/01/18,149606,LBN
13/01/21,151602,LBN
13/01/22,153505,LBN
13/01/23,155390,LBN
13/01/25,157139,LBN
13/01/28,158973,LBN
13/01/29,161067,LBN
13/01/30,163036,LBN
13/01/31,165003,LBN
13/02/01,166173,LBN
13/02/04,168092,LBN
13/02/05,170273,LBN
13/02/06,172361,LBN
13/02/07,174462,LBN
13/02/08,176849,LBN
13/02/11,178994,LBN
13/02/12,181117,LBN
13/02/13,182938,LBN
13/02/14,185081,LBN
13/02/15,187094,LBN
13/02/18,188990,LBN
13/02/19,190954,LBN
13/02/20,193093,LBN
13/02/21,195098,LBN
13/02/22,196744,LBN
13/02/25,198568,LBN
13/02/26,200497,LBN
13/02/27,202222,LBN
13/02/28,203835,LBN
13/03/01,205419,LBN
13/03/04,207326,LBN
13/03/05,209175,LBN
13/03/06,211402,LBN
13/03/07,213415,LBN
13/03/08,215818,LBN
13/03/11,217943,LBN
13/03/12,220525,LBN
13/03/13,223009,LBN
13/03/14,225709,LBN
13/03/15,227927,LBN
13/03/18,230692,LBN
13/03/19,233469,LBN
13/03/20,236170,LBN
13/03/21,238777,LBN
13/03/22,240763,LBN
13/03/25,243486,LBN
13/03/26,246147,LBN
13/03/27,248851,LBN
13/03/28,251407,LBN
13/03/29,252983,LBN
13/04/02,256200,LBN
13/04/03,259503,LBN
13/04/04,262960,LBN
13/04/05,265958,LBN
13/04/08,269465,LBN
13/04/09,273530,LBN
13/04/10,277320,LBN
13/04/11,281271,LBN
13/04/12,284942,LBN
13/04/15,289259,LBN
13/04/16,293836,LBN
13/04/17,298165,LBN
13/04/18,302689,LBN
13/04/20,311281,LBN
13/04/22,316301,LBN
13/04/23,320501,LBN
13/04/24,325791,LBN
13/04/25,330736,LBN
13/04/26,334609,LBN
13/04/29,339293,LBN
13/04/30,343843,LBN
13/05/02,347825,LBN
13/05/03,350795,LBN
13/05/07,353757,LBN
13/05/08,357374,LBN
13/05/09,360988,LBN
13/05/10,364153,LBN
13/05/13,367978,LBN
13/05/14,371964,LBN
13/05/15,375624,LBN
13/05/16,379264,LBN
13/05/17,382890,LBN
13/05/20,386922,LBN
13/05/21,391286,LBN
13/05/22,395168,LBN
13/05/23,399203,LBN
13/05/24,403152,LBN
13/05/27,407262,LBN
13/05/28,411966,LBN
13/05/29,415826,LBN
13/05/30,420044,LBN
13/05/31,423495,LBN
13/06/03,426802,LBN
13/06/04,430326,LBN
13/06/05,434079,LBN
13/06/06,437604,LBN
13/06/07,440427,LBN
13/06/10,445043,LBN
13/06/11,448092,LBN
13/06/12,451981,LBN
13/06/13,455658,LBN
13/06/14,459239,LBN
13/06/17,462625,LBN
13/06/18,466460,LBN
13/06/19,469953,LBN
13/06/20,473547,LBN
13/06/21,475353,LBN
13/06/24,478938,LBN
13/06/25,481725,LBN
13/06/26,485167,LBN
13/06/27,488277,LBN
13/06/28,490709,LBN
13/07/01,494244,LBN
13/07/02,497650,LBN
13/07/03,500723,LBN
13/07/04,503724,LBN
13/07/08,508930,LBN
13/07/09,511900,LBN
13/07/10,514727,LBN
13/07/11,517195,LBN
13/07/12,519856,LBN
13/07/15,522480,LBN
13/07/16,525097,LBN
13/07/17,527495,LBN
13/07/18,530416,LBN
13/07/19,532984,LBN
13/07/22,535344,LBN
13/07/23,538600,LBN
13/07/24,541079,LBN
13/07/25,543906,LBN
13/07/26,545747,LBN
13/07/29,548235,LBN
13/07/30,551289,LBN
13/07/31,554108,LBN
13/08/01,556742,LBN
13/08/02,558874,LBN
13/08/05,561520,LBN
13/08/06,564094,LBN
13/08/08,566808,LBN
13/08/09,567469,LBN
13/08/12,570353,LBN
13/08/13,573030,LBN
13/08/14,576281,LBN
13/08/15,579130,LBN
13/08/16,581442,LBN
13/08/19,584608,LBN
13/08/20,587620,LBN
13/08/21,589707,LBN
13/08/22,592607,LBN
13/08/23,595035,LBN
13/08/26,597916,LBN
13/08/27,600910,LBN
13/08/28,603850,LBN
13/08/29,606765,LBN
13/08/31,610916,LBN
13/09/02,613806,LBN
13/09/03,616611,LBN
13/09/04,619245,LBN
13/09/05,622249,LBN
13/09/06,624428,LBN
13/09/09,627202,LBN
13/09/12,636000,LBN
13/09/14,639367,LBN
13/09/16,642376,LBN
13/09/17,645381,LBN
13/09/18,647891,LBN
13/09/21,654115,LBN
13/09/23,656788,LBN
13/09/24,659645,LBN
13/09/27,667322,LBN
13/09/30,670235,LBN
13/10/01,672945,LBN
13/10/02,675594,LBN
13/10/03,678140,LBN
13/10/04,680734,LBN
13/10/07,683599,LBN
13/10/08,686823,LBN
13/10/09,689051,LBN
13/10/10,691906,LBN
13/10/14,695354,LBN
13/10/16,697741,LBN
13/10/17,700353,LBN
13/10/19,702934,LBN
13/10/21,705356,LBN
13/10/22,707990,LBN
13/10/23,710587,LBN
13/10/24,713653,LBN
13/10/25,715122,LBN
13/10/28,717631,LBN
13/10/29,720021,LBN
13/10/31,725258,LBN
13/11/01,725843,LBN
13/11/02,727311,LBN
13/11/05,729186,LBN
13/11/06,726215,LBN
13/11/07,721048,LBN
13/11/08,723332,LBN
13/11/11,726402,LBN
13/11/12,729928,LBN
13/11/13,732812,LBN
13/11/14,735204,LBN
13/11/15,737871,LBN
13/11/18,739764,LBN
13/11/19,742654,LBN
13/11/20,744354,LBN
13/11/21,746956,LBN
13/11/25,749972,LBN
13/11/26,752624,LBN
13/11/27,755544,LBN
13/11/28,758771,LBN
13/11/30,762242,LBN
13/12/02,764124,LBN
13/12/03,766469,LBN
13/12/04,768857,LBN
13/12/05,771536,LBN
13/12/06,773694,LBN
13/12/09,775613,LBN
13/12/10,778136,LBN
13/12/11,780418,LBN
13/12/12,782457,LBN
13/12/14,785079,LBN
13/12/16,787886,LBN
13/12/18,792347,LBN
13/12/19,793227,LBN
13/12/23,797405,LBN
13/12/26,800634,LBN
13/12/27,802744,LBN
13/12/30,804848,LBN
13/12/31,805835,LBN
14/01/02,807940,LBN
14/01/03,809064,LBN
14/01/06,811594,LBN
14/01/07,813926,LBN
14/01/08,816432,LBN
14/01/09,819239,LBN
14/01/10,820897,LBN
14/01/14,823868,LBN
14/01/15,826669,LBN
14/01/16,828953,LBN
14/01/18,831131,LBN
14/01/20,833637,LBN
14/01/21,836172,LBN
14/01/22,839179,LBN
14/01/23,841942,LBN
14/01/24,844021,LBN
14/01/27,846724,LBN
14/01/28,849565,LBN
14/01/29,852172,LBN
14/01/30,854352,LBN
14/01/31,856522,LBN
14/02/03,859283,LBN
14/02/04,862231,LBN
14/02/05,864944,LBN
14/02/06,867431,LBN
14/02/07,869443,LBN
14/02/10,871849,LBN
14/02/11,874195,LBN
14/02/12,877282,LBN
14/02/13,879907,LBN
14/02/14,881755,LBN
14/02/17,879860,LBN
14/02/18,882204,LBN
14/02/19,883744,LBN
14/02/20,886085,LBN
14/02/21,887976,LBN
14/02/24,890694,LBN
14/02/26,895647,LBN
14/02/27,898271,LBN
14/02/28,899633,LBN
14/03/03,901750,LBN
14/03/04,903828,LBN
14/03/05,906162,LBN
14/03/06,907678,LBN
14/03/07,910222,LBN
14/03/10,912492,LBN
14/03/11,915095,LBN
14/03/12,917307,LBN
14/03/13,919124,LBN
14/03/15,921801,LBN
14/03/17,924111,LBN
14/03/18,926353,LBN
14/03/19,928588,LBN
14/03/20,931133,LBN
14/03/22,933225,LBN
14/03/24,935821,LBN
14/03/25,938556,LBN
14/03/26,940963,LBN
14/03/27,943375,LBN
14/03/28,944494,LBN
14/03/31,945922,LBN
14/04/01,948575,LBN
14/04/02,951033,LBN
14/04/03,953626,LBN
14/04/05,956190,LBN
14/04/07,958725,LBN
14/04/08,961315,LBN
14/04/09,964063,LBN
14/04/10,966267,LBN
14/04/12,969247,LBN
14/04/14,971848,LBN
14/04/15,974473,LBN
14/04/16,976444,LBN
14/04/17,979146,LBN
14/04/22,981820,LBN
14/04/26,987885,LBN
14/04/28,990458,LBN
14/04/30,995221,LBN
14/05/02,997251,LBN
14/05/05,999131,LBN
14/05/06,1000831,LBN
14/05/07,1003137,LBN
14/05/08,1005363,LBN
14/05/10,1008271,LBN
14/05/12,1007816,LBN
14/05/13,1010123,LBN
14/05/14,1012281,LBN
14/05/15,1014530,LBN
14/05/17,1015942,LBN
14/05/19,1018160,LBN
14/05/20,1020164,LBN
14/05/21,1022222,LBN
14/05/27,1029778,LBN
14/05/29,1034176,LBN
14/05/31,1030413,LBN
14/06/02,1032469,LBN
14/06/03,1034393,LBN
14/06/05,1038101,LBN
14/06/07,1040009,LBN
14/06/09,1042097,LBN
14/06/10,1043947,LBN
14/06/11,1046012,LBN
14/06/12,1047898,LBN
14/06/13,1049587,LBN
14/06/16,1051461,LBN
14/06/17,1053552,LBN
14/06/18,1055393,LBN
14/06/19,1057270,LBN
14/06/21,1059431,LBN
14/06/23,1061355,LBN
14/06/24,1062932,LBN
14/06/26,1066574,LBN
14/06/28,1068859,LBN
14/06/30,1070802,LBN
14/07/01,1072552,LBN
14/07/05,1078432,LBN
14/07/07,1078331,LBN
14/07/09,1082408,LBN
14/07/10,1084550,LBN
14/07/12,1086885,LBN
14/07/14,1088936,LBN
14/07/15,1089068,LBN
14/07/17,1092982,LBN
14/07/19,1095293,LBN
14/07/21,1097321,LBN
14/07/22,1099403,LBN
14/07/23,1101562,LBN
14/07/24,1103707,LBN
14/07/26,1105309,LBN
14/07/29,1106873,LBN
14/07/30,1109020,LBN
14/07/31,1110863,LBN
14/08/01,1112635,LBN
14/08/04,1114560,LBN
14/08/05,1116146,LBN
14/08/06,1117712,LBN
14/08/07,1119606,LBN
14/08/08,1121041,LBN
14/08/11,1122899,LBN
14/08/12,1124494,LBN
14/08/14,1126748,LBN
14/08/15,1127227,LBN
14/08/18,1128912,LBN
14/08/19,1130240,LBN
14/08/20,1132308,LBN
14/08/21,1134243,LBN
14/08/22,1135333,LBN
14/08/25,1136917,LBN
14/08/26,1138627,LBN
14/08/27,1140410,LBN
14/08/28,1142252,LBN
14/08/29,1143178,LBN
14/09/11,1153387,LBN
14/09/15,1155928,LBN
14/09/17,1158755,LBN
14/09/18,1160021,LBN
14/09/19,1161459,LBN
14/09/22,1162697,LBN
14/09/23,1163709,LBN
14/09/24,1164897,LBN
14/09/25,1166061,LBN
14/09/26,1166760,LBN
14/09/29,1161128,LBN
14/09/30,1140585,LBN
14/10/01,1141496,LBN
14/10/02,1129889,LBN
14/10/03,1130513,LBN
14/10/07,1131200,LBN
14/10/08,1131913,LBN
14/10/09,1125122,LBN
14/10/11,1124583,LBN
14/10/13,1125369,LBN
14/10/14,1125998,LBN
14/10/15,1125264,LBN
14/10/16,1124942,LBN
14/10/17,1123437,LBN
14/10/20,1121729,LBN
14/10/21,1122532,LBN
14/10/22,1123398,LBN
14/10/30,1122745,LBN
14/10/31,1123150,LBN
14/11/03,1124231,LBN
14/11/04,1124896,LBN
14/11/05,1125420,LBN
14/11/06,1125953,LBN
14/11/07,1126726,LBN
14/11/11,1128125,LBN
14/11/12,1128813,LBN
14/11/13,1130274,LBN
14/11/14,1131480,LBN
14/11/17,1132130,LBN
14/11/18,1132847,LBN
14/11/19,1132914,LBN
14/11/21,1134574,LBN
14/11/25,1135360,LBN
14/11/26,1132875,LBN
14/11/27,1133632,LBN
14/11/28,1133934,LBN
14/12/01,1134817,LBN
14/12/02,1132258,LBN
14/12/03,1132549,LBN
14/12/04,1133118,LBN
14/12/05,1134419,LBN
14/12/08,1134675,LBN
14/12/09,1134937,LBN
14/12/10,1135454,LBN
14/12/11,1135793,LBN
14/12/12,1135644,LBN
14/12/15,1136608,LBN
14/12/16,1137050,LBN
14/12/17,1138172,LBN
14/12/18,1140036,LBN
14/12/22,1142247,LBN
14/12/23,1143476,LBN
14/12/24,1143872,LBN
14/12/26,1144389,LBN
14/12/29,1145130,LBN
14/12/30,1145711,LBN
14/12/31,1146405,LBN
15/01/02,1146911,LBN
15/01/06,1147937,LBN
15/01/07,1148372,LBN
15/01/08,1148844,LBN
15/01/15,1151676,LBN
15/01/22,1154593,LBN
15/01/29,1154848,LBN
15/01/30,1155660,LBN
15/02/02,1156562,LBN
15/02/03,1157412,LBN
15/02/04,1158259,LBN
15/02/05,1156418,LBN
15/02/06,1155524,LBN
15/02/09,1156401,LBN
15/02/10,1157294,LBN
15/02/11,1158174,LBN
15/02/12,1158710,LBN
15/02/13,1159694,LBN
15/02/16,1160578,LBN
15/02/17,1161546,LBN
15/02/18,1162402,LBN
15/02/19,1163201,LBN
15/02/20,1163785,LBN
15/02/23,1164631,LBN
15/02/24,1165500,LBN
15/02/26,1167067,LBN
15/02/27,1167521,LBN
15/03/02,1167960,LBN
15/03/03,1168441,LBN
15/03/04,1169246,LBN
15/03/05,1169842,LBN
15/03/06,1170533,LBN
15/03/09,1171369,LBN
15/03/10,1172170,LBN
15/03/12,1173327,LBN
15/03/13,1174059,LBN
15/03/16,1174689,LBN
15/03/17,1175360,LBN
15/03/18,1176054,LBN
15/03/20,1177234,LBN
15/03/23,1178053,LBN
15/03/25,1179079,LBN
15/03/26,1180185,LBN
15/03/27,1180545,LBN
15/03/30,1180641,LBN
15/03/31,1181030,LBN
15/04/01,1181558,LBN
15/04/02,1182087,LBN
15/04/03,1182516,LBN
15/04/07,1183786,LBN
15/04/08,1184282,LBN
15/04/09,1184813,LBN
15/04/10,1185241,LBN
15/05/07,1183327,LBN
15/06/10,1174690,LBN
15/07/06,1172753,LBN
15/08/25,1113941,LBN
15/09/30,1078338,LBN
15/10/31,1075637,LBN
15/11/30,1070189,LBN
15/12/31,1069111,LBN
16/01/31,1067785,LBN
11/12/16,8000,TUR
12/01/15,9500,TUR
12/02/29,10658,TUR
12/04/18,23955,TUR
12/04/23,23702,TUR
12/04/25,29441,TUR
12/04/26,29082,TUR
12/05/02,29037,TUR
12/05/07,28750,TUR
12/05/21,28517,TUR
12/06/01,30172,TUR
12/06/04,31986,TUR
12/06/12,33110,TUR
12/06/22,37839,TUR
12/06/25,38085,TUR
12/06/26,38784,TUR
12/07/04,40804,TUR
12/07/05,41270,TUR
12/07/12,43058,TUR
12/07/20,48387,TUR
12/07/23,49092,TUR
12/07/31,49893,TUR
12/08/01,49743,TUR
12/08/08,51999,TUR
12/08/09,52758,TUR
12/08/10,55932,TUR
12/08/14,65415,TUR
12/08/15,67155,TUR
12/08/22,75533,TUR
12/08/23,79817,TUR
12/08/27,84114,TUR
12/08/29,84989,TUR
12/08/30,86990,TUR
12/08/31,89223,TUR
12/09/03,92900,TUR
12/09/04,93525,TUR
12/09/05,93563,TUR
12/09/06,93455,TUR
12/09/07,93541,TUR
12/09/10,92049,TUR
12/09/11,91701,TUR
12/09/12,93363,TUR
12/09/13,93429,TUR
12/09/17,93841,TUR
12/09/18,93922,TUR
12/09/19,93946,TUR
12/09/20,97426,TUR
12/09/21,97427,TUR
12/09/24,98302,TUR
12/09/25,98209,TUR
12/09/26,98343,TUR
12/09/27,102041,TUR
12/09/28,102050,TUR
12/10/01,102521,TUR
12/10/02,102514,TUR
12/10/03,102560,TUR
12/10/04,108487,TUR
12/10/05,108290,TUR
12/10/08,111344,TUR
12/10/09,111325,TUR
12/10/10,111359,TUR
12/10/11,111251,TUR
12/10/12,111275,TUR
12/10/15,110887,TUR
12/10/17,110910,TUR
12/10/18,114820,TUR
12/10/19,114517,TUR
12/10/22,116225,TUR
12/10/23,116296,TUR
12/10/29,116568,TUR
12/10/30,116658,TUR
12/10/31,116794,TUR
12/11/01,116771,TUR
12/11/02,122774,TUR
12/11/04,122731,TUR
12/11/05,125621,TUR
12/11/06,125675,TUR
12/11/07,126919,TUR
12/11/08,126744,TUR
12/11/09,126751,TUR
12/11/11,126467,TUR
12/11/12,127478,TUR
12/11/13,127444,TUR
12/11/14,129559,TUR
12/11/15,129586,TUR
12/11/16,129626,TUR
12/11/17,129664,TUR
12/11/18,129684,TUR
12/11/19,134892,TUR
12/11/20,134887,TUR
12/11/21,134916,TUR
12/11/22,134934,TUR
12/11/23,134937,TUR
12/11/24,135260,TUR
12/11/25,134977,TUR
12/11/26,138574,TUR
12/11/27,138581,TUR
12/11/28,138571,TUR
12/11/29,138594,TUR
12/11/30,138579,TUR
12/12/01,138609,TUR
12/12/04,138644,TUR
12/12/05,138670,TUR
12/12/06,150456,TUR
12/12/07,150476,TUR
12/12/08,150473,TUR
12/12/09,150482,TUR
12/12/10,151244,TUR
12/12/11,151795,TUR
12/12/13,152972,TUR
12/12/14,153008,TUR
12/12/16,152981,TUR
12/12/17,156481,TUR
12/12/18,156546,TUR
12/12/19,156557,TUR
12/12/20,166696,TUR
12/12/21,168142,TUR
12/12/24,170338,TUR
12/12/25,170362,TUR
12/12/26,170398,TUR
12/12/27,170445,TUR
12/12/28,170422,TUR
12/12/29,170468,TUR
12/12/31,170912,TUR
13/01/01,174598,TUR
13/01/02,174596,TUR
13/01/03,174573,TUR
13/01/04,174491,TUR
13/01/05,174378,TUR
13/01/06,176843,TUR
13/01/07,176815,TUR
13/01/08,176927,TUR
13/01/09,176476,TUR
13/01/10,176992,TUR
13/01/11,176967,TUR
13/01/12,177004,TUR
13/01/14,179404,TUR
13/01/15,182096,TUR
13/01/16,183493,TUR
13/01/17,183501,TUR
13/01/18,183504,TUR
13/01/20,183520,TUR
13/01/21,183558,TUR
13/01/22,185654,TUR
13/01/23,185823,TUR
13/01/24,185812,TUR
13/01/25,185781,TUR
13/01/26,185801,TUR
13/01/27,185796,TUR
13/01/28,192156,TUR
13/01/30,192083,TUR
13/01/31,192095,TUR
13/02/01,192190,TUR
13/02/02,192099,TUR
13/02/03,192384,TUR
13/02/04,199731,TUR
13/02/05,199788,TUR
13/02/06,206268,TUR
13/02/07,207002,TUR
13/02/11,206475,TUR
13/02/13,209461,TUR
13/02/14,210984,TUR
13/02/15,211876,TUR
13/02/25,213101,TUR
13/02/26,213768,TUR
13/02/27,213840,TUR
13/03/01,214460,TUR
13/03/05,215237,TUR
13/03/09,256455,TUR
13/03/15,258596,TUR
13/03/18,258611,TUR
13/03/22,259890,TUR
13/04/08,289756,TUR
13/04/17,287643,TUR
13/04/22,308933,TUR
13/04/23,309749,TUR
13/04/24,310407,TUR
13/04/25,309759,TUR
13/04/26,309942,TUR
13/04/29,313065,TUR
13/04/30,312793,TUR
13/05/01,313334,TUR
13/05/02,319479,TUR
13/05/03,319277,TUR
13/05/06,322640,TUR
13/05/07,320715,TUR
13/05/08,322601,TUR
13/05/09,322920,TUR
13/05/10,324425,TUR
13/05/13,328336,TUR
13/05/14,328584,TUR
13/05/16,346027,TUR
13/05/17,346685,TUR
13/05/20,350606,TUR
13/05/21,350674,TUR
13/05/22,350861,TUR
13/05/23,350859,TUR
13/05/24,350667,TUR
13/05/27,377491,TUR
13/05/28,377744,TUR
13/05/30,378014,TUR
13/05/31,373792,TUR
13/06/03,373996,TUR
13/06/05,383076,TUR
13/06/10,384628,TUR
13/06/11,384858,TUR
13/06/17,394489,TUR
13/06/18,393902,TUR
13/06/19,392481,TUR
13/06/20,393437,TUR
13/06/26,406290,TUR
13/07/04,406307,TUR
13/07/08,410743,TUR
13/07/09,410730,TUR
13/07/12,410717,TUR
13/07/16,422343,TUR
13/07/18,423421,TUR
13/07/19,423408,TUR
13/07/22,438752,TUR
13/07/23,438800,TUR
13/07/26,438781,TUR
13/07/30,442721,TUR
13/07/31,442635,TUR
13/08/05,447368,TUR
13/08/12,446525,TUR
13/08/14,447121,TUR
13/08/15,447130,TUR
13/08/19,454896,TUR
13/08/20,454911,TUR
13/08/21,454922,TUR
13/08/22,454927,TUR
13/08/27,473791,TUR
13/08/29,474161,TUR
13/09/02,479839,TUR
13/09/16,513546,TUR
13/09/17,513542,TUR
13/09/18,513568,TUR
13/09/19,513575,TUR
13/09/22,517384,TUR
13/09/24,521406,TUR
13/09/26,521437,TUR
13/10/01,529541,TUR
13/10/04,529577,TUR
13/10/07,534173,TUR
13/10/09,534049,TUR
13/10/10,535761,TUR
13/10/11,535765,TUR
13/10/21,535351,TUR
13/10/22,535333,TUR
13/10/23,535357,TUR
13/10/24,535344,TUR
13/10/25,539594,TUR
13/10/29,539596,TUR
13/10/31,540268,TUR
13/11/02,544506,TUR
13/11/04,544543,TUR
13/11/05,545787,TUR
13/11/06,546874,TUR
13/11/07,546807,TUR
13/11/08,569710,TUR
13/11/11,550171,TUR
13/11/12,550100,TUR
13/11/15,549923,TUR
13/11/17,553655,TUR
13/11/20,555210,TUR
13/11/21,555828,TUR
13/11/27,560940,TUR
13/11/28,561024,TUR
13/11/30,570479,TUR
13/12/03,570727,TUR
13/12/04,570771,TUR
13/12/05,570873,TUR
13/12/08,573789,TUR
13/12/09,573629,TUR
13/12/10,573904,TUR
13/12/11,574458,TUR
13/12/12,573869,TUR
13/12/16,587389,TUR
13/12/17,587259,TUR
13/12/18,587224,TUR
13/12/19,587616,TUR
13/12/22,588966,TUR
13/12/24,590202,TUR
13/12/25,591450,TUR
13/12/29,594536,TUR
13/12/31,560129,TUR
14/01/01,559994,TUR
14/01/05,565423,TUR
14/01/06,565444,TUR
14/01/07,565508,TUR
14/01/08,565776,TUR
14/01/09,566134,TUR
14/01/10,569199,TUR
14/01/12,571064,TUR
14/01/13,571513,TUR
14/01/14,571512,TUR
14/01/15,571684,TUR
14/01/16,571627,TUR
14/01/19,577313,TUR
14/01/20,577349,TUR
14/01/22,577936,TUR
14/01/23,577937,TUR
14/01/26,580119,TUR
14/01/27,580419,TUR
14/01/28,580542,TUR
14/01/29,580304,TUR
14/01/30,580756,TUR
14/02/02,593830,TUR
14/02/03,594397,TUR
14/02/04,594827,TUR
14/02/05,594854,TUR
14/02/06,595055,TUR
14/02/09,602662,TUR
14/02/10,602744,TUR
14/02/12,602739,TUR
14/02/13,603289,TUR
14/02/16,612502,TUR
14/02/17,612570,TUR
14/02/18,612535,TUR
14/02/19,612826,TUR
14/02/20,613393,TUR
14/02/23,619593,TUR
14/02/24,619642,TUR
14/02/25,619523,TUR
14/02/26,619356,TUR
14/02/27,619470,TUR
14/02/28,624308,TUR
14/03/02,624248,TUR
14/03/03,624415,TUR
14/03/04,624539,TUR
14/03/05,624666,TUR
14/03/06,624465,TUR
14/03/09,634344,TUR
14/03/10,634147,TUR
14/03/11,634901,TUR
14/03/12,634788,TUR
14/03/13,634882,TUR
14/03/16,642867,TUR
14/03/17,641771,TUR
14/03/18,641889,TUR
14/03/19,641906,TUR
14/03/20,642482,TUR
14/03/23,647379,TUR
14/03/24,647894,TUR
14/03/25,648909,TUR
14/03/26,649161,TUR
14/03/27,649302,TUR
14/03/30,667499,TUR
14/03/31,667496,TUR
14/04/01,667556,TUR
14/04/02,667636,TUR
14/04/03,667448,TUR
14/04/05,680377,TUR
14/04/06,679753,TUR
14/04/07,679910,TUR
14/04/08,679843,TUR
14/04/09,679697,TUR
14/04/13,713437,TUR
14/04/14,713092,TUR
14/04/15,712911,TUR
14/04/16,712555,TUR
14/04/20,715306,TUR
14/04/21,715215,TUR
14/04/23,714733,TUR
14/04/24,714552,TUR
14/04/25,722521,TUR
14/04/26,722055,TUR
14/04/28,722234,TUR
14/04/29,722216,TUR
14/04/30,735864,TUR
14/05/01,735618,TUR
14/05/04,735888,TUR
14/05/05,736040,TUR
14/05/06,736087,TUR
14/05/07,736137,TUR
14/05/08,736296,TUR
14/05/11,742816,TUR
14/05/12,743021,TUR
14/05/13,743277,TUR
14/05/15,743008,TUR
14/05/19,747735,TUR
14/05/20,748066,TUR
14/05/21,747909,TUR
14/05/22,747803,TUR
14/05/25,761779,TUR
14/05/26,761674,TUR
14/05/27,761206,TUR
14/05/28,761274,TUR
14/05/29,761297,TUR
14/05/31,761171,TUR
14/06/01,765560,TUR
14/06/02,765369,TUR
14/06/03,765113,TUR
14/06/04,764820,TUR
14/06/05,764798,TUR
14/06/08,774635,TUR
14/06/09,774252,TUR
14/06/10,774198,TUR
14/06/11,773864,TUR
14/06/12,773935,TUR
14/06/15,783163,TUR
14/06/17,783410,TUR
14/06/18,783044,TUR
14/06/19,783065,TUR
14/06/22,789469,TUR
14/06/23,789219,TUR
14/06/24,789613,TUR
14/06/25,789678,TUR
14/06/26,789750,TUR
14/07/01,795524,TUR
14/06/30,795442,TUR
14/07/02,795726,TUR
14/07/03,795924,TUR
14/07/06,799291,TUR
14/07/07,799468,TUR
14/07/08,799521,TUR
14/07/09,799457,TUR
14/07/10,799410,TUR
14/07/13,805343,TUR
14/07/14,805308,TUR
14/07/15,805066,TUR
14/07/16,804602,TUR
14/07/17,804391,TUR
14/07/20,808931,TUR
14/07/21,808611,TUR
14/07/22,808589,TUR
14/07/23,808600,TUR
14/07/24,808576,TUR
14/07/29,813862,TUR
14/07/30,813860,TUR
14/07/31,815413,TUR
14/08/03,815065,TUR
14/08/04,815251,TUR
14/08/05,815088,TUR
14/08/06,814907,TUR
14/08/07,814212,TUR
14/08/10,822145,TUR
14/08/11,822499,TUR
14/08/12,822128,TUR
14/08/13,821635,TUR
14/08/14,822149,TUR
14/08/17,824454,TUR
14/08/18,824678,TUR
14/08/19,824766,TUR
14/08/20,824851,TUR
14/08/21,825012,TUR
14/08/22,831843,TUR
14/08/25,832508,TUR
14/09/02,840171,TUR
14/09/03,840009,TUR
14/09/04,840217,TUR
14/09/07,843779,TUR
14/09/08,844162,TUR
14/09/09,843728,TUR
14/09/10,843465,TUR
14/09/11,843625,TUR
14/09/14,847266,TUR
14/09/29,869500,TUR
14/10/02,896702,TUR
14/10/31,963540,TUR
14/11/30,1060279,TUR
14/12/31,1552839,TUR
15/03/06,1698472,TUR
15/03/13,1718147,TUR
15/03/20,1738448,TUR
15/03/31,1741374,TUR
15/04/10,1758092,TUR
15/04/30,1759546,TUR
15/05/04,1759846,TUR
15/05/21,1761361,TUR
15/05/26,1761486,TUR
15/06/15,1772535,TUR
15/07/09,1805255,TUR
15/08/25,1938999,TUR
15/10/02,2072290,TUR
15/11/03,2181293,TUR
15/12/10,2291900,TUR
15/12/31,2503549,TUR
16/02/15,2620553,TUR
16/02/29,2688686,TUR
16/03/03,2715789,TUR